Workbook
Name Department_details: Sheet2!$A$2:$D$8
Name Department_List: Sheet2!$A$2:$D$8
Name Employee_details: Sheet1!$A$1:$P$9
Name Salary_details: Sheet3!$A$1:$J$10
Name Slicer_City: #N/A
Name Slicer_Department_Name: #N/A
Name Slicer_Employment_Type: #N/A
Name Slicer_Employment_Type1: #N/A

Sheet Sheet1
A1: Emp_ID | B1: First_Name | C1: Last_Name | D1: Gender | E1: DOB | F1: Age | G1: Department_ID | H1: Department_Name | I1: Job_Title | J1: Maneger Name | K1: Hire_Date | L1: Employment_Type | M1: Phone | N1: Email | O1: City | P1: Status | Q1: Employee_Status_Category.
A2: E001 | B2: Rahul | C2: Sharma | D2: Male | E2: 35139 | F2: 29 | G2: D01 | H2: =VLOOKUP(Sheet1!G2, Department_details,2, FALSE) -> IT | I2: Software Engineer | J2: =VLOOKUP(H2,Sheet2!B:C,2,FALSE) -> Sunita Rao | K2: 44357 | L2: Full-Time | M2: 9876543210 | N2: rahul.sharma@company.com | O2: Bengaluru | P2: Active | Q2: =IF(AND(L2="Full-Time", P2="Active"), "Full-Time Active", IF(AND(L2="Full-Time", P2="Inactive"), "Full-Time Inactive", IF(AND(L2="Part-Time", P2="Active"), "Part-Time Active", "Part-Time Inactive"))) -> Full-Time Active | R2: 1.Get the Department Name for each employee in Employee_Details sheet
A3: E002 | B3: Priya | C3: Verma | D3: Female | E3: 36029 | F3: 27 | G3: D02 | H3: =VLOOKUP(Sheet1!G3, Department_details,2, FALSE) -> HR | I3: HR Executive | K3: 44579 | L3: Full-Time | M3: 9876501234 | N3: priya.verma@company.com | O3: Kolkata | P3: Active | Q3: =IF(AND(L3="Full-Time", P3="Active"), "Full-Time Active", IF(AND(L3="Full-Time", P3="Inactive"), "Full-Time Inactive", IF(AND(L3="Part-Time", P3="Active"), "Part-Time Active", "Part-Time Inactive"))) -> Full-Time Active | R3: 2.Get the Manager Name for each employee in Employee_Details sheet
A4: E003 | B4: Aman | C4: Singh | D4: Male | E4: 34278 | F4: 32 | G4: D03 | H4: =VLOOKUP(Sheet1!G4, Department_details,2, FALSE) -> Finance | I4: Financial Analyst | J4: =VLOOKUP(H4,Sheet2!B:C,2,FALSE) -> Ritika Jain | K4: 43709 | L4: Full-Time | M4: 9898765432 | N4: aman.singh@company.com | O4: Noida | P4: Active | Q4: =IF(AND(L4="Full-Time", P4="Active"), "Full-Time Active", IF(AND(L4="Full-Time", P4="Inactive"), "Full-Time Inactive", IF(AND(L4="Part-Time", P4="Active"), "Part-Time Active", "Part-Time Inactive"))) -> Full-Time Active | R4: 6. Classify Employees Based on Employment Type and Status
A5: E004 | B5: Neha | C5: Patel | D5: Female | E5: 36190 | F5: 26 | G5: D04 | H5: =VLOOKUP(Sheet1!G5, Department_details,2, FALSE) -> Marketing | I5: Digital Marketer | J5: =VLOOKUP(H5,Sheet2!B:C,2,FALSE) -> Vikas Yadav | K5: 45021 | L5: Contract | M5: 9812345678 | N5: neha.patel@company.com | O5: Ahmedabad | P5: Inactive | Q5: =IF(AND(L5="Full-Time", P5="Active"), "Full-Time Active", IF(AND(L5="Full-Time", P5="Inactive"), "Full-Time Inactive", IF(AND(L5="Part-Time", P5="Active"), "Part-Time Active", "Part-Time Inactive"))) -> Part-Time Inactive
A6: E005 | B6: Rohit | C6: Kumar | D6: Male | E6: 33066 | F6: 35 | G6: D05 | H6: =VLOOKUP(Sheet1!G6, Department_details,2, FALSE) -> Operations | I6: Operations Manager | J6: =VLOOKUP(H6,Sheet2!B:C,2,FALSE) -> Rohit Kumar | K6: 42415 | L6: Full-Time | M6: 9823456789 | N6: rohit.kumar@company.com | O6: Patna | P6: Active | Q6: =IF(AND(L6="Full-Time", P6="Active"), "Full-Time Active", IF(AND(L6="Full-Time", P6="Inactive"), "Full-Time Inactive", IF(AND(L6="Part-Time", P6="Active"), "Part-Time Active", "Part-Time Inactive"))) -> Full-Time Active
A7: E006 | B7: Anjali | C7: Mehta | D7: Female | E7: 34625 | F7: 31 | G7: D01 | H7: =VLOOKUP(Sheet1!G7, Department_details,2, FALSE) -> IT | I7: QA Engineer | J7: =VLOOKUP(H7,Sheet2!B:C,2,FALSE) -> Sunita Rao | K7: 44155 | L7: Full-Time | M7: 9887654321 | N7: anjali.mehta@company.com | O7: Pune | P7: Active | Q7: =IF(AND(L7="Full-Time", P7="Active"), "Full-Time Active", IF(AND(L7="Full-Time", P7="Inactive"), "Full-Time Inactive", IF(AND(L7="Part-Time", P7="Active"), "Part-Time Active", "Part-Time Inactive"))) -> Full-Time Active
A8: E007 | B8: Suresh | C8: Reddy | D8: Male | E8: 31906 | F8: 38 | G8: D06 | H8: =VLOOKUP(Sheet1!G8, Department_details,2, FALSE) -> Sales | I8: Sales Manager | J8: =VLOOKUP(H8,Sheet2!B:C,2,FALSE) -> Ramesh Iyer | K8: 41876 | L8: Full-Time | M8: 9871234567 | N8: suresh.reddy@company.com | O8: Hyderabad | P8: Active | Q8: =IF(AND(L8="Full-Time", P8="Active"), "Full-Time Active", IF(AND(L8="Full-Time", P8="Inactive"), "Full-Time Inactive", IF(AND(L8="Part-Time", P8="Active"), "Part-Time Active", "Part-Time Inactive"))) -> Full-Time Active
A9: E008 | B9: Kavya | C9: Nair | D9: Female | E9: 36936 | F9: 24 | G9: D07 | H9: =VLOOKUP(Sheet1!G9, Department_details,2, FALSE) -> Support | I9: Support Executive | J9: =VLOOKUP(H9,Sheet2!B:C,2,FALSE) -> Shalini Saxena | K9: 45301 | L9: Part-Time | M9: 9811122233 | N9: kavya.nair@company.com | O9: Kochi | P9: Inctive | Q9: =IF(AND(L9="Full-Time", P9="Active"), "Full-Time Active", IF(AND(L9="Full-Time", P9="Inactive"), "Full-Time Inactive", IF(AND(L9="Part-Time", P9="Active"), "Part-Time Active", "Part-Time Inactive"))) -> Part-Time Inactive
F18: Row Labels | G18: Count of Emp_ID
F19: 2014 | G19: 1
F20: 2016 | G20: 1
F21: 2019 | G21: 1
F22: 2020 | G22: 1
F23: 2021 | G23: 1
F24: 2022 | G24: 1
F25: 2023 | G25: 1
F26: 2024 | G26: 1
F27: Grand Total | G27: 8

Sheet Sheet2
A1: Department_ID | B1: Department_Name | C1: Manager_Name | D1: Location
A2: D01 | B2: IT | C2: Sunita Rao | D2: Bengaluru
A3: D02 | B3: HR | C3: Manoj Das | D3: Kolkata
A4: D03 | B4: Finance | C4: Ritika Jain | D4: Jaipur
A5: D04 | B5: Marketing | C5: Vikas Yadav | D5: Lucknow
A6: D05 | B6: Operations | C6: Rohit Kumar | D6: Patna
A7: D06 | B7: Sales | C7: Ramesh Iyer | D7: Chennai
A8: D07 | B8: Support | C8: Shalini Saxena | D8: Ghaziabad

Sheet Sheet3
A1: Emp_ID | B1: Full_Name | C1: Department_Name | D1: Basic_Salary | E1: HRA | F1: DA | G1: Bonus | H1: Deductions | I1: Gross_Salary | J1: Net_Salary | K1: Employment Type
A2: E001 | B2: =VLOOKUP(A2, Sheet1!$A:$C, 2, FALSE) & " " & VLOOKUP(A2, Sheet1!$A:$C, 3, FALSE) -> Rahul Sharma | C2: =INDEX(Sheet1!$H:$H, MATCH(A2, Sheet1!$A:$A, 0)) -> IT | D2: 600000 | E2: 120000 | F2: 60000 | G2: 50000 | H2: 30000 | I2: =SUM(D2:G2) -> 830000 | J2: =I2-H2 -> 800000 | K2: =VLOOKUP(A4, Sheet1!A:L, 12, 0) -> Full-Time
A3: E002 | B3: =VLOOKUP(A3, Sheet1!$A:$C, 2, FALSE) & " " & VLOOKUP(A3, Sheet1!$A:$C, 3, FALSE) -> Priya Verma | C3: =INDEX(Sheet1!$H:$H, MATCH(A3, Sheet1!$A:$A, 0)) -> HR | D3: 400000 | E3: 80000 | F3: 40000 | G3: 30000 | H3: 20000 | I3: =SUM(D3:G3) -> 550000 | J3: =I3-H3 -> 530000 | K3: =VLOOKUP(A5, Sheet1!A:L, 12, 0) -> Contract
A4: E003 | B4: =VLOOKUP(A4, Sheet1!$A:$C, 2, FALSE) & " " & VLOOKUP(A4, Sheet1!$A:$C, 3, FALSE) -> Aman Singh | C4: =INDEX(Sheet1!$H:$H, MATCH(A4, Sheet1!$A:$A, 0)) -> Finance | D4: 700000 | E4: 140000 | F4: 70000 | G4: 80000 | H4: 40000 | I4: =SUM(D4:G4) -> 990000 | J4: =I4-H4 -> 950000 | K4: =VLOOKUP(A6, Sheet1!A:L, 12, 0) -> Full-Time | N4: 3.Get Full Employee Name in Salary_Details sheet
A5: E004 | B5: =VLOOKUP(A5, Sheet1!$A:$C, 2, FALSE) & " " & VLOOKUP(A5, Sheet1!$A:$C, 3, FALSE) -> Neha Patel | C5: =INDEX(Sheet1!$H:$H, MATCH(A5, Sheet1!$A:$A, 0)) -> Marketing | D5: 350000 | E5: 70000 | F5: 35000 | G5: 20000 | H5: 15000 | I5: =SUM(D5:G5) -> 475000 | J5: =I5-H5 -> 460000 | K5: =VLOOKUP(A5, Sheet1!A:L, 12, 0) -> Contract | N5: Q4: Get Department Name in Salary_Details sheet
A6: E005 | B6: =VLOOKUP(A6, Sheet1!$A:$C, 2, FALSE) & " " & VLOOKUP(A6, Sheet1!$A:$C, 3, FALSE) -> Rohit Kumar | C6: =INDEX(Sheet1!$H:$H, MATCH(A6, Sheet1!$A:$A, 0)) -> Operations | D6: 900000 | E6: 180000 | F6: 90000 | G6: 100000 | H6: 50000 | I6: =SUM(D6:G6) -> 1270000 | J6: =I6-H6 -> 1220000 | K6: =VLOOKUP(A6, Sheet1!A:L, 12, 0) -> Full-Time | N6: Q5: Highlight Employees with High Net Salary
A7: E006 | B7: =VLOOKUP(A7, Sheet1!$A:$C, 2, FALSE) & " " & VLOOKUP(A7, Sheet1!$A:$C, 3, FALSE) -> Anjali Mehta | C7: =INDEX(Sheet1!$H:$H, MATCH(A7, Sheet1!$A:$A, 0)) -> IT | D7: 500000 | E7: 100000 | F7: 50000 | G7: 45000 | H7: 25000 | I7: =SUM(D7:G7) -> 695000 | J7: =I7-H7 -> 670000 | K7: =VLOOKUP(A7, Sheet1!A:L, 12, 0) -> Full-Time
A8: E007 | B8: =VLOOKUP(A8, Sheet1!$A:$C, 2, FALSE) & " " & VLOOKUP(A8, Sheet1!$A:$C, 3, FALSE) -> Suresh Reddy | C8: =INDEX(Sheet1!$H:$H, MATCH(A8, Sheet1!$A:$A, 0)) -> Sales | D8: 1100000 | E8: 220000 | F8: 110000 | G8: 150000 | H8: 60000 | I8: =SUM(D8:G8) -> 1580000 | J8: =I8-H8 -> 1520000 | K8: =VLOOKUP(A8, Sheet1!A:L, 12, 0) -> Full-Time
A9: E008 | B9: =VLOOKUP(A9, Sheet1!$A:$C, 2, FALSE) & " " & VLOOKUP(A9, Sheet1!$A:$C, 3, FALSE) -> Kavya Nair | C9: =INDEX(Sheet1!$H:$H, MATCH(A9, Sheet1!$A:$A, 0)) -> Support | D9: 250000 | E9: 50000 | F9: 25000 | G9: 10000 | H9: 10000 | I9: =SUM(D9:G9) -> 335000 | J9: =I9-H9 -> 325000 | K9: =VLOOKUP(A9, Sheet1!A:L, 12, 0) -> Part-Time
B13: Row Labels | C13: Sum of Basic_Salary | D13: Row Labels | E13: Sum of Bonus | F13: Sum of Deductions
B14: Contract | C14: 750000 | D14: Finance | E14: 80000 | F14: 40000
B15: Full-Time | C15: 3800000 | D15: HR | E15: 30000 | F15: 20000
B16: Part-Time | C16: 250000 | D16: IT | E16: 95000 | F16: 55000
B17: Grand Total | C17: 4800000 | D17: Marketing | E17: 20000 | F17: 15000
D18: Operations | E18: 100000 | F18: 50000
D19: Sales | E19: 150000 | F19: 60000
D20: Support | E20: 10000 | F20: 10000
D21: Grand Total | E21: 485000 | F21: 250000

Sheet Dashboard
