Workbook
Name Orders: Sheet2!$C$2:$F$9
Name Products: Sheet1!$A$1:$C$7

Sheet Sheet1
A1: ProductID | B1: Product | C1: Price | D1: Q1. | E1: Q3 | F1: Q4 | G1: Order satatus Q6
A2: 101 | B2: Product A | C2: 120 | D2: =VLOOKUP(A2, Sheet1!$A$2:$C$7, 2,0) -> Product A | E2: =IF(ISNA(VLOOKUP(B2,Products,1,0)),"not fount","ok") -> not fount | F2: =VLOOKUP(A2,Products,3,0)*0.9 -> 108 | G2: =IF(ISNA(VLOOKUP(A2,Sheet2!$D$3:$F$9,1,0)),"Not order","Ordered") -> Ordered
A3: 102 | B3: Product B | C3: 150 | D3: =VLOOKUP(A3, Sheet1!$A$2:$C$7, 2,0) -> Product B | E3: =IF(ISNA(VLOOKUP(B3,Products,1,0)),"not fount","ok") -> not fount | F3: =VLOOKUP(A3,Products,3,0)*0.9 -> 135 | G3: =IF(ISNA(VLOOKUP(A3,Sheet2!$D$3:$F$9,1,0)),"Not order","Ordered") -> Ordered
A4: 103 | B4: Product C | C4: 200 | D4: =VLOOKUP(A4, Sheet1!$A$2:$C$7, 2,0) -> Product C | E4: =IF(ISNA(VLOOKUP(B4,Products,1,0)),"not fount","ok") -> not fount | F4: =VLOOKUP(A4,Products,3,0)*0.9 -> 180 | G4: =IF(ISNA(VLOOKUP(A4,Sheet2!$D$3:$F$9,1,0)),"Not order","Ordered") -> Ordered
A5: 104 | B5: Product D | C5: 90 | D5: =VLOOKUP(A5, Sheet1!$A$2:$C$7, 2,0) -> Product D | E5: =IF(ISNA(VLOOKUP(B5,Products,1,0)),"not fount","ok") -> not fount | F5: =VLOOKUP(A5,Products,3,0)*0.9 -> 81 | G5: =IF(ISNA(VLOOKUP(A5,Sheet2!$D$3:$F$9,1,0)),"Not order","Ordered") -> Ordered
A6: 105 | B6: Product E | C6: 220 | D6: =VLOOKUP(A6, Sheet1!$A$2:$C$7, 2,0) -> Product E | E6: =IF(ISNA(VLOOKUP(B6,Products,1,0)),"not fount","ok") -> not fount | F6: =VLOOKUP(A6,Products,3,0)*0.9 -> 198 | G6: =IF(ISNA(VLOOKUP(A6,Sheet2!$D$3:$F$9,1,0)),"Not order","Ordered") -> Ordered
A7: 106 | B7: Product F | C7: 130 | D7: =VLOOKUP(A7, Sheet1!$A$2:$C$7, 2,0) -> Product F | E7: =IF(ISNA(VLOOKUP(B7,Products,1,0)),"not fount","ok") -> not fount | F7: =VLOOKUP(A7,Products,3,0)*0.9 -> 117 | G7: =IF(ISNA(VLOOKUP(A7,Sheet2!$D$3:$F$9,1,0)),"Not order","Ordered") -> Ordered

Sheet Sheet2
E2: Orders | G2: Q2. | H2: Q5 | J2: Q7.
C3: OrderID | D3: ProductID | E3: Quantity | F3: Total_Price | G3: Price | H3: Order value | J3: Product ID | K3: Product Name | L3: Quantity
C4: 1 | D4: 101 | E4: 2 | F4: =E4*G4 -> 240 | G4: =VLOOKUP(D4,Products,3,0) -> 120 | H4: =G4*E4 -> 240 | J4: 106 | K4: =VLOOKUP(J4,Products,2,0) -> Product F | L4: =VLOOKUP(J4,D3:F9,3,0) -> 390
C5: 2 | D5: 103 | E5: 1 | F5: =E5*G5 -> 200 | G5: =VLOOKUP(D5,Products,3,0) -> 200 | H5: =G5*E5 -> 200
C6: 3 | D6: 105 | E6: 4 | F6: =E6*G6 -> 880 | G6: =VLOOKUP(D6,Products,3,0) -> 220 | H6: =G6*E6 -> 880
C7: 4 | D7: 106 | E7: 3 | F7: =E7*G7 -> 390 | G7: =VLOOKUP(D7,Products,3,0) -> 130 | H7: =G7*E7 -> 390
C8: 5 | D8: 102 | E8: 5 | F8: =E8*G8 -> 750 | G8: =VLOOKUP(D8,Products,3,0) -> 150 | H8: =G8*E8 -> 750
C9: 6 | D9: 104 | E9: 6 | F9: =E9*G9 -> 540 | G9: =VLOOKUP(D9,Products,3,0) -> 90 | H9: =G9*E9 -> 540
